"mentee_id","session_id","number_session","first_date","next_date","difference_dates"
1,1534,2,2022-02-17,2021-09-02,168
5,6157,2,2022-07-22,2022-06-03,49
6,8579,2,2022-08-27,2022-03-07,173
13,9336,2,2022-09-05,2022-04-05,153
18,4933,2,2022-06-27,2022-04-22,66
20,3237,2,2022-05-09,2022-04-10,29
22,349,2,2021-09-24,2021-07-17,69
34,10019,2,2022-09-11,2022-06-27,76
35,6120,2,2022-07-21,2022-06-15,36
36,4275,2,2022-06-10,2022-05-28,13
44,771,2,2021-12-03,2021-11-21,12
50,9121,2,2022-09-02,2021-10-18,319
59,6433,2,2022-07-28,2022-03-04,146
60,1459,2,2022-02-11,2021-08-25,170
63,2862,2,2022-04-25,2022-02-19,65
70,9042,2,2022-09-02,2022-07-31,33
71,1875,2,2022-03-12,2021-12-18,84
72,2267,2,2022-04-02,2022-03-31,2
74,5884,2,2022-07-17,2021-09-08,312
76,3766,2,2022-05-26,2022-05-14,12
79,5792,2,2022-07-15,2022-06-04,41
80,6374,2,2022-07-26,2021-08-30,330
81,2771,2,2022-04-23,2022-01-09,104
89,6191,2,2022-07-23,2022-06-23,30
93,10109,2,2022-09-12,2022-08-01,42
95,390,2,2021-10-04,2021-07-03,93
97,4737,2,2022-06-22,2022-05-27,26
100,1197,2,2022-01-19,2021-10-11,100
102,2352,2,2022-04-05,2021-12-20,106
107,6353,2,2022-07-26,2022-04-26,91
108,9512,2,2022-09-06,2022-05-09,120
109,8285,2,2022-08-24,2022-08-24,0
111,7215,2,2022-08-10,2022-08-05,5
121,7878,2,2022-08-19,2022-07-30,20
131,6404,2,2022-07-27,2021-10-19,281
137,7213,2,2022-08-10,2022-05-11,91
139,4255,2,2022-06-09,2021-10-20,232
145,2221,2,2022-03-30,2022-03-28,2
147,2874,2,2022-04-26,2022-04-02,24
149,3446,2,2022-05-16,2022-01-14,122
151,8899,2,2022-08-31,2022-08-01,30
152,4626,2,2022-06-19,2022-05-09,41
154,4732,2,2022-06-22,2022-05-30,23
155,1626,2,2022-02-24,2022-01-21,34
160,1596,2,2022-02-22,2021-12-28,56
161,1621,2,2022-02-24,2021-11-18,98
163,130,2,2021-07-17,2021-05-18,60
167,8225,2,2022-08-23,2022-05-01,114
169,8153,2,2022-08-22,2022-08-22,0
172,5736,2,2022-07-14,2022-03-12,124
173,7109,2,2022-08-08,2021-10-09,303
175,4357,2,2022-06-12,2022-05-03,40
176,4027,2,2022-06-02,2022-04-22,41
184,4047,2,2022-06-03,2022-04-03,61
186,5676,2,2022-07-12,2022-06-27,15
188,6664,2,2022-08-01,2022-07-23,9
189,8740,2,2022-08-29,2022-08-23,6
190,10685,2,2022-09-15,2022-05-23,115
194,6386,2,2022-07-27,2022-07-12,15
195,2822,2,2022-04-24,2022-03-05,50
198,2596,2,2022-04-15,2022-04-13,2
201,3442,2,2022-05-16,2022-02-22,83
204,2535,2,2022-04-13,2022-04-08,5
213,364,2,2021-09-29,2021-08-19,41
215,4346,2,2022-06-12,2022-02-13,119
223,2294,2,2022-04-03,2022-03-09,25
234,10592,2,2022-09-15,2022-09-15,0
237,7660,2,2022-08-16,2021-11-24,265
241,9785,2,2022-09-09,2022-09-06,3
245,8565,2,2022-08-27,2022-03-20,160
247,600,2,2021-11-12,2021-07-23,112
251,10221,2,2022-09-12,2022-09-12,0
252,3284,2,2022-05-11,2022-01-21,110
265,1487,2,2022-02-13,2021-09-08,158
278,792,2,2021-12-06,2021-10-26,41
282,9769,2,2022-09-09,2022-09-07,2
283,5937,2,2022-07-18,2022-06-02,46
284,7369,2,2022-08-12,2022-07-14,29
288,2590,2,2022-04-15,2022-04-01,14
291,5978,2,2022-07-19,2022-03-03,138
306,1648,2,2022-02-26,2021-11-19,99
308,5373,2,2022-07-06,2022-06-02,34
309,1935,2,2022-03-16,2021-10-25,142
311,2241,2,2022-03-31,2021-11-16,135
312,2933,2,2022-04-28,2021-09-23,217
313,4110,2,2022-06-05,2022-05-20,16
316,5562,2,2022-07-10,2022-06-13,27
317,2363,2,2022-04-05,2021-12-26,100
318,2369,2,2022-04-06,2021-12-20,107
322,4472,2,2022-06-15,2022-03-08,99
329,7486,2,2022-08-13,2022-08-08,5
330,568,2,2021-11-07,2021-07-14,116
332,3789,2,2022-05-26,2022-02-02,113
341,8319,2,2022-08-24,2022-08-16,8
342,2158,2,2022-03-27,2021-11-22,125
343,6392,2,2022-07-27,2022-07-20,7
347,5119,2,2022-07-01,2022-04-08,84
354,2237,2,2022-03-31,2022-03-24,7
357,4556,2,2022-06-17,2021-11-20,209
358,7937,2,2022-08-19,2022-08-01,18
360,5903,2,2022-07-17,2022-02-23,144
364,3839,2,2022-05-28,2021-06-02,360
365,4460,2,2022-06-15,2022-04-18,58
366,7370,2,2022-08-12,2022-02-20,173
369,4323,2,2022-06-11,2022-04-14,58
374,4779,2,2022-06-23,2022-06-02,21
383,5237,2,2022-07-03,2022-01-16,168
385,9162,2,2022-09-03,2022-08-27,7
386,3573,2,2022-05-20,2021-08-11,282
390,9402,2,2022-09-05,2022-09-02,3
396,991,2,2021-12-29,2021-11-17,42
397,5188,2,2022-07-02,2022-07-02,0
398,735,2,2021-11-29,2021-09-17,73
402,9427,2,2022-09-06,2022-08-20,17
404,4259,2,2022-06-09,2022-05-15,25
405,2124,2,2022-03-25,2022-03-06,19
409,3070,2,2022-05-03,2022-02-01,91
411,5971,2,2022-07-19,2022-06-30,19
414,1815,2,2022-03-08,2022-03-04,4
415,7350,2,2022-08-12,2022-08-11,1
417,8976,2,2022-09-01,2022-06-01,92
418,2575,2,2022-04-14,2022-02-19,54
419,4553,2,2022-06-17,2022-04-26,52
422,125,2,2021-07-15,2021-05-14,62
426,3386,2,2022-05-14,2022-05-04,10
427,6602,2,2022-07-31,2022-07-08,23
429,1990,2,2022-03-18,2021-09-05,194
430,9274,2,2022-09-04,2022-08-18,17
431,2992,2,2022-04-30,2021-11-20,161
436,606,2,2021-11-13,2021-06-03,163
441,7872,2,2022-08-18,2022-05-27,83
444,3529,2,2022-05-19,2022-03-28,52
450,4514,2,2022-06-16,2022-04-15,62
452,7159,2,2022-08-09,2022-06-21,49
464,9243,2,2022-09-04,2022-08-15,20
466,2504,2,2022-04-11,2022-02-20,50
471,1818,2,2022-03-08,2022-03-08,0
479,9800,2,2022-09-09,2022-06-22,79
480,1638,2,2022-02-25,2021-11-26,91
485,6140,2,2022-07-22,2021-12-06,228
486,5082,2,2022-06-30,2022-05-25,36
489,5462,2,2022-07-08,2022-05-29,40
493,2103,2,2022-03-24,2022-02-19,33
495,9653,2,2022-09-08,2022-06-30,70
497,3411,2,2022-05-15,2022-04-28,17
499,9325,2,2022-09-05,2022-09-03,2
500,4713,2,2022-06-21,2022-06-13,8
505,6172,2,2022-07-22,2022-07-20,2
509,3341,2,2022-05-12,2022-02-24,77
526,8930,2,2022-09-01,2022-07-26,37
530,7464,2,2022-08-13,2022-04-11,124
535,7637,2,2022-08-16,2022-06-29,48
539,1567,2,2022-02-20,2021-09-20,153
541,5083,2,2022-06-30,2022-04-19,72
542,2359,2,2022-04-05,2022-03-08,28
543,8998,2,2022-09-01,2022-08-26,6
544,10390,2,2022-09-13,2022-07-17,58
545,700,2,2021-11-24,2021-08-30,86
546,6174,2,2022-07-22,2022-05-18,65
559,1104,2,2022-01-10,2021-12-11,30
562,3733,2,2022-05-25,2022-05-16,9
568,9811,2,2022-09-09,2022-09-06,3
569,6709,2,2022-08-02,2022-07-30,3
577,8050,2,2022-08-21,2022-08-18,3
585,3613,2,2022-05-21,2022-04-07,44
588,2377,2,2022-04-06,2021-08-19,230
591,895,2,2021-12-18,2021-06-02,199
594,5388,2,2022-07-07,2021-10-09,271
599,6576,2,2022-07-30,2022-06-23,37
600,7217,2,2022-08-10,2022-08-09,1
601,1678,2,2022-02-27,2022-02-05,22
605,813,2,2021-12-08,2021-08-04,126
609,8664,2,2022-08-28,2022-08-15,13
612,1937,2,2022-03-16,2021-10-17,150
620,243,2,2021-08-28,2021-08-26,2
624,4897,2,2022-06-26,2022-02-26,120
626,5236,2,2022-07-03,2022-06-01,32
631,1687,2,2022-02-28,2022-01-26,33
634,1760,2,2022-03-05,2021-09-20,166
638,2841,2,2022-04-25,2021-07-05,294
641,7426,2,2022-08-13,2022-06-04,70
646,3203,2,2022-05-08,2022-04-25,13
647,5514,2,2022-07-09,2022-07-05,4
654,5997,2,2022-07-19,2022-06-20,29
657,6466,2,2022-07-28,2022-05-31,58
664,8219,2,2022-08-23,2022-06-27,57
670,436,2,2021-10-15,2021-07-31,76
672,1616,2,2022-02-23,2021-10-15,131
673,280,2,2021-09-07,2021-06-19,80
676,159,2,2021-07-31,2021-07-06,25
679,9563,2,2022-09-07,2022-07-31,38
680,1182,2,2022-01-16,2021-11-03,74
682,5161,2,2022-07-02,2021-07-30,337
684,7848,2,2022-08-18,2022-05-06,104
686,2206,2,2022-03-30,2022-01-25,64
687,2931,2,2022-04-28,2022-03-04,55
689,5265,2,2022-07-04,2022-02-27,127
690,3932,2,2022-05-31,2022-05-23,8
691,4841,2,2022-06-25,2022-06-22,3
694,9885,2,2022-09-10,2022-09-09,1
698,2285,2,2022-04-02,2022-01-26,66
703,9944,2,2022-09-10,2022-05-27,106
707,5123,2,2022-07-01,2022-02-15,136
712,4434,2,2022-06-14,2022-05-22,23
715,7502,2,2022-08-14,2022-06-12,63
716,5520,2,2022-07-09,2022-05-08,62
717,3022,2,2022-05-01,2022-04-28,3
718,3758,2,2022-05-25,2021-11-16,190
719,2058,2,2022-03-22,2022-01-25,56
730,10297,2,2022-09-13,2022-08-13,31
734,3424,2,2022-05-15,2022-05-04,11
737,5810,2,2022-07-15,2022-05-27,49
749,9332,2,2022-09-05,2022-04-08,150
753,7488,2,2022-08-13,2022-08-12,1
755,8620,2,2022-08-28,2022-07-21,38
757,9672,2,2022-09-08,2022-08-23,16
758,1504,2,2022-02-15,2021-10-29,109
759,9706,2,2022-09-08,2022-04-08,153
765,6940,2,2022-08-05,2022-07-14,22
766,3865,2,2022-05-29,2022-04-29,30
770,10293,2,2022-09-13,2022-09-08,5
771,3476,2,2022-05-17,2022-05-14,3
777,5851,2,2022-07-16,2022-03-13,125
789,5618,2,2022-07-11,2022-06-22,19
790,3982,2,2022-06-01,2021-06-17,349
791,2044,2,2022-03-21,2022-02-06,43
793,7707,2,2022-08-17,2022-08-01,16
803,10204,2,2022-09-12,2022-08-30,13
809,2006,2,2022-03-19,2021-12-02,107
810,3346,2,2022-05-13,2022-04-03,40
817,9188,2,2022-09-03,2022-08-05,29
825,3121,2,2022-05-05,2022-04-17,18
832,357,2,2021-09-26,2021-06-25,93
833,1319,2,2022-01-30,2021-12-05,56
835,9595,2,2022-09-07,2022-08-21,17
840,6497,2,2022-07-29,2022-04-03,117
851,8626,2,2022-08-28,2022-04-04,146
860,3691,2,2022-05-23,2022-02-20,92
866,1241,2,2022-01-23,2021-10-29,86
872,5607,2,2022-07-11,2022-01-18,174
874,9932,2,2022-09-10,2022-09-10,0
882,2953,2,2022-04-28,2022-03-26,33
891,5490,2,2022-07-09,2022-06-21,18
892,2109,2,2022-03-24,2022-01-29,54
896,2066,2,2022-03-22,2022-03-07,15
898,3741,2,2022-05-25,2022-05-09,16
899,2350,2,2022-04-05,2022-02-17,47
902,817,2,2021-12-08,2021-11-08,30
904,6479,2,2022-07-28,2022-06-01,57
908,10499,2,2022-09-14,2022-06-08,98
909,2154,2,2022-03-27,2021-11-22,125
911,239,2,2021-08-27,2021-08-10,17
913,10141,2,2022-09-12,2022-09-07,5
914,2585,2,2022-04-15,2022-03-09,37
918,7040,2,2022-08-07,2022-06-06,62
920,7266,2,2022-08-10,2022-08-04,6
922,1924,2,2022-03-15,2022-03-05,10
926,3651,2,2022-05-22,2022-04-20,32
927,7473,2,2022-08-13,2022-07-31,13
930,1372,2,2022-02-03,2021-12-17,48
932,4719,2,2022-06-21,2021-09-08,286
933,6849,2,2022-08-04,2022-06-01,64
935,2808,2,2022-04-23,2021-08-14,252
938,2443,2,2022-04-09,2021-11-20,140
939,2130,2,2022-03-26,2022-03-01,25
941,4111,2,2022-06-05,2022-05-31,5
944,2884,2,2022-04-26,2021-11-01,176
945,10135,2,2022-09-12,2022-09-08,4
947,1357,2,2022-02-02,2021-08-22,164
951,5118,2,2022-07-01,2022-06-27,4
957,7975,2,2022-08-20,2022-08-01,19
958,213,2,2021-08-18,2021-06-01,78
964,7186,2,2022-08-09,2021-10-06,307
968,5924,2,2022-07-18,2022-07-02,16
969,7472,2,2022-08-13,2022-05-13,92
970,8329,2,2022-08-24,2022-07-02,53
972,4944,2,2022-06-27,2022-06-26,1
974,245,2,2021-08-28,2021-05-14,106
975,9691,2,2022-09-08,2022-08-28,11
984,2614,2,2022-04-16,2022-04-06,10
986,4493,2,2022-06-16,2022-05-09,38
988,8241,2,2022-08-23,2022-03-17,159
989,3563,2,2022-05-20,2022-01-13,127
992,546,2,2021-11-04,2021-06-29,128
998,8088,2,2022-08-21,2021-10-27,298
1000,4862,2,2022-06-25,2022-06-14,11
1005,581,2,2021-11-08,2021-09-25,44
1006,4704,2,2022-06-21,2021-08-23,302
1007,1622,2,2022-02-24,2022-02-08,16
1009,1591,2,2022-02-21,2021-11-18,95
1016,8073,2,2022-08-21,2022-08-16,5
1017,4707,2,2022-06-21,2022-05-29,23
1018,6661,2,2022-08-01,2022-06-01,61
1022,4248,2,2022-06-09,2022-05-16,24
1031,10593,2,2022-09-15,2022-09-11,4
1033,7178,2,2022-08-09,2022-07-02,38
1035,5337,2,2022-07-06,2022-04-17,80
1050,4171,2,2022-06-07,2022-04-11,57
1055,6225,2,2022-07-24,2022-07-03,21
1058,3829,2,2022-05-28,2021-12-30,149
1065,3496,2,2022-05-18,2022-04-29,19
1066,7260,2,2022-08-10,2021-05-31,436
1071,2772,2,2022-04-23,2022-03-28,26
1076,689,2,2021-11-23,2021-10-20,34
1078,484,2,2021-10-24,2021-10-07,17
1080,6364,2,2022-07-26,2021-11-17,251
1081,1074,2,2022-01-06,2021-06-10,210
1082,970,2,2021-12-27,2021-10-28,60
1083,9226,2,2022-09-04,2022-06-26,70
1086,8959,2,2022-09-01,2022-08-07,25
1087,2661,2,2022-04-18,2022-04-11,7
1088,805,2,2021-12-07,2021-09-08,90
1094,1228,2,2022-01-22,2021-11-07,76
1095,4200,2,2022-06-08,2022-04-29,40
1096,2161,2,2022-03-27,2022-03-04,23
1099,4813,2,2022-06-24,2022-03-13,103
1100,3952,2,2022-05-31,2022-05-16,15
1102,4399,2,2022-06-13,2022-05-31,13
1114,6748,2,2022-08-02,2022-04-21,103
1116,6750,2,2022-08-02,2022-07-13,20
1118,3019,2,2022-05-01,2022-04-21,10
1119,3550,2,2022-05-19,2022-05-13,6
1125,376,2,2021-10-02,2021-08-17,46
1134,3198,2,2022-05-08,2022-03-20,49
1138,5359,2,2022-07-06,2022-06-13,23
1140,4935,2,2022-06-27,2021-12-02,207
1142,6480,2,2022-07-28,2022-04-21,98
1143,6360,2,2022-07-26,2022-03-24,124
1144,4251,2,2022-06-09,2021-11-21,200
1149,1021,2,2022-01-02,2021-09-18,106
1150,5853,2,2022-07-16,2022-07-01,15
1157,5491,2,2022-07-09,2022-06-25,14
1158,4577,2,2022-06-18,2021-12-27,173
1162,8255,2,2022-08-23,2022-02-12,192
1166,4731,2,2022-06-22,2022-05-27,26
1168,10120,2,2022-09-12,2022-09-08,4
1171,7905,2,2022-08-19,2022-04-10,131
1175,2553,2,2022-04-14,2022-02-05,68
1182,1414,2,2022-02-07,2021-10-17,113
1187,4818,2,2022-06-24,2022-06-15,9
1201,7315,2,2022-08-11,2022-07-24,18
1202,1134,2,2022-01-13,2021-06-23,204
1204,6042,2,2022-07-20,2022-06-19,31
1207,4433,2,2022-06-14,2022-04-28,47
1209,1213,2,2022-01-20,2022-01-03,17
1212,5881,2,2022-07-17,2022-05-15,63
1216,1048,2,2022-01-04,2021-09-08,118
1229,3615,2,2022-05-21,2022-04-03,48
1235,7548,2,2022-08-14,2022-05-18,88
1238,2935,2,2022-04-28,2022-03-11,48
1245,5602,2,2022-07-11,2022-07-08,3
1252,10027,2,2022-09-11,2022-09-08,3
1254,2902,2,2022-04-27,2022-04-24,3
1260,4439,2,2022-06-14,2022-05-31,14
1263,1055,2,2022-01-04,2021-12-30,5
1267,826,2,2021-12-10,2021-11-21,19
1275,2600,2,2022-04-15,2021-09-29,198
1277,6568,2,2022-07-30,2022-06-13,47
1280,1551,2,2022-02-19,2021-11-19,92
1283,7871,2,2022-08-18,2022-05-04,106
1286,8218,2,2022-08-23,2022-05-08,107
1287,6287,2,2022-07-25,2022-06-06,49
1293,4869,2,2022-06-25,2022-01-24,152
1295,4971,2,2022-06-28,2022-03-27,93
1297,219,2,2021-08-20,2021-07-04,47
1300,4725,2,2022-06-21,2022-06-20,1
1301,5521,2,2022-07-09,2022-05-31,39
1304,5384,2,2022-07-07,2022-06-15,22
1305,9743,2,2022-09-09,2022-07-02,69
1313,4207,2,2022-06-08,2022-03-30,70
1315,1041,2,2022-01-04,2021-11-04,61
1316,8063,2,2022-08-21,2022-08-04,17
1317,2649,2,2022-04-17,2021-12-27,111
1320,8007,2,2022-08-20,2022-02-09,192
1329,135,2,2021-07-20,2021-02-12,158
1338,3222,2,2022-05-08,2022-05-07,1
1340,9757,2,2022-09-09,2022-09-09,0
1342,1287,2,2022-01-27,2022-01-20,7
1343,5072,2,2022-06-30,2022-06-16,14
1350,4268,2,2022-06-09,2022-01-24,136
1351,2451,2,2022-04-09,2022-02-20,48
1353,5099,2,2022-06-30,2022-04-07,84
1354,2542,2,2022-04-13,2022-03-18,26
1355,2059,2,2022-03-22,2021-06-15,280
1356,2208,2,2022-03-30,2022-03-11,19
1358,2319,2,2022-04-03,2021-06-20,287
1359,10017,2,2022-09-11,2022-05-30,104
1365,9415,2,2022-09-06,2022-09-05,1
1368,4370,2,2022-06-13,2022-02-14,119
1369,3852,2,2022-05-28,2022-04-30,28
1374,7033,2,2022-08-07,2022-06-12,56
1377,2345,2,2022-04-04,2022-03-21,14
1386,1123,2,2022-01-12,2021-12-16,27
1387,3762,2,2022-05-26,2022-05-14,12
1388,5122,2,2022-07-01,2022-05-30,32
1391,751,2,2021-12-01,2021-07-11,143
1401,2882,2,2022-04-26,2022-03-19,38
1402,5089,2,2022-06-30,2022-03-18,104
1404,3770,2,2022-05-26,2022-02-13,102
1408,6758,2,2022-08-02,2022-07-31,2
1411,7920,2,2022-08-19,2022-08-12,7
1413,4844,2,2022-06-25,2022-04-24,62
1416,8738,2,2022-08-29,2022-08-26,3
1418,6301,2,2022-07-25,2022-07-15,10
1424,248,2,2021-08-30,2021-08-08,22
1425,9306,2,2022-09-05,2022-09-03,2
1427,2135,2,2022-03-26,2022-02-03,51
1436,1546,2,2022-02-18,2021-09-01,170
1437,2712,2,2022-04-20,2022-02-26,53
1439,2146,2,2022-03-26,2022-02-18,36
1445,3180,2,2022-05-07,2022-04-23,14
1446,9855,2,2022-09-10,2022-04-14,149
1450,3164,2,2022-05-06,2022-04-28,8
1454,3111,2,2022-05-05,2021-12-07,149
1455,485,2,2021-10-24,2021-07-21,95
1458,5868,2,2022-07-16,2022-03-23,115
1460,3603,2,2022-05-21,2022-05-06,15
1465,1455,2,2022-02-11,2021-09-02,162
1467,7313,2,2022-08-11,2022-04-13,120
1468,6938,2,2022-08-05,2022-07-03,33
1472,4226,2,2022-06-08,2022-05-21,18
1476,1565,2,2022-02-20,2021-09-02,171
1477,3580,2,2022-05-20,2022-05-01,19
1479,1500,2,2022-02-14,2022-02-01,13
1480,9235,2,2022-09-04,2022-06-17,79
1487,4791,2,2022-06-23,2022-05-10,44
1488,1208,2,2022-01-20,2021-08-01,172
1489,495,2,2021-10-26,2021-06-09,139
1495,5506,2,2022-07-09,2022-06-15,24
1499,5097,2,2022-06-30,2022-06-03,27
1500,5551,2,2022-07-10,2022-01-22,169
1502,5354,2,2022-07-06,2022-05-28,39
1505,2849,2,2022-04-25,2022-03-13,43
1508,4591,2,2022-06-18,2022-06-07,11
1511,8156,2,2022-08-22,2022-06-28,55
1512,5242,2,2022-07-04,2022-07-03,1
1515,10678,2,2022-09-15,2022-08-17,29
1519,3292,2,2022-05-11,2022-02-02,98
1520,5295,2,2022-07-05,2022-05-21,45
1522,1769,2,2022-03-05,2022-01-31,33
1523,7569,2,2022-08-15,2022-08-09,6
1525,481,2,2021-10-23,2021-06-29,116
1534,2272,2,2022-04-02,2021-11-10,143
1535,5578,2,2022-07-10,2022-04-11,90
1536,1172,2,2022-01-16,2021-12-01,46
1538,7925,2,2022-08-19,2022-07-25,25
1539,3044,2,2022-05-02,2022-03-03,60
1540,8349,2,2022-08-24,2022-08-15,9
1542,6780,2,2022-08-03,2022-05-12,83
1547,5576,2,2022-07-10,2022-06-20,20
1549,2234,2,2022-03-31,2021-10-05,177
1550,10708,2,2022-09-15,2022-08-16,30
1553,10250,2,2022-09-12,2022-09-11,1
1557,4369,2,2022-06-13,2022-04-20,54
1560,1691,2,2022-03-01,2022-02-10,19
1564,1119,2,2022-01-11,2022-01-04,7
1567,9787,2,2022-09-09,2022-08-31,9
1574,1732,2,2022-03-03,2021-05-24,283
1575,9652,2,2022-09-08,2022-07-22,48
1576,2722,2,2022-04-20,2022-02-04,75
1580,2653,2,2022-04-18,2022-01-01,107
1581,723,2,2021-11-27,2021-10-11,47
1586,7833,2,2022-08-18,2022-01-05,225
1588,8888,2,2022-08-31,2022-08-26,5
1590,2218,2,2022-03-30,2022-03-05,25
1595,3143,2,2022-05-06,2022-03-16,51
1596,10412,2,2022-09-13,2022-08-18,26
1597,9088,2,2022-09-02,2022-07-27,37
1599,7066,2,2022-08-07,2022-08-05,2
1600,7150,2,2022-08-09,2022-05-27,74
1601,9101,2,2022-09-02,2022-02-24,190
1602,824,2,2021-12-09,2021-12-08,1
1603,2747,2,2022-04-22,2022-03-29,24
1604,7496,2,2022-08-14,2022-03-26,141
1610,3764,2,2022-05-26,2022-04-16,40
1611,726,2,2021-11-28,2021-07-12,139
1615,7173,2,2022-08-09,2022-03-22,140
1618,3063,2,2022-05-02,2022-02-11,80
1620,5633,2,2022-07-12,2022-07-10,2
1622,3472,2,2022-05-16,2022-03-03,74
1623,5127,2,2022-07-01,2022-06-19,12
1626,5227,2,2022-07-03,2022-04-30,64
1637,2586,2,2022-04-15,2022-04-08,7
1638,7724,2,2022-08-17,2022-08-16,1
1642,7440,2,2022-08-13,2022-03-07,159
1646,1903,2,2022-03-14,2021-12-08,96
1652,9199,2,2022-09-03,2021-04-12,509
1655,4977,2,2022-06-28,2022-06-18,10
1658,6127,2,2022-07-22,2022-02-12,160
1661,1561,2,2022-02-19,2022-02-12,7
1662,8764,2,2022-08-30,2022-06-19,72
1663,1272,2,2022-01-26,2022-01-01,25
1665,4631,2,2022-06-19,2022-06-18,1
1667,2365,2,2022-04-06,2022-01-18,78
1670,5322,2,2022-07-05,2022-07-02,3
1671,6692,2,2022-08-01,2022-05-06,87
1673,3191,2,2022-05-07,2022-02-23,73
1675,186,2,2021-08-09,2021-07-21,19
1676,7586,2,2022-08-15,2022-07-12,34
1682,4155,2,2022-06-06,2022-01-16,141
1685,4464,2,2022-06-15,2022-06-07,8
1687,7863,2,2022-08-18,2022-05-17,93
1689,7468,2,2022-08-13,2022-07-28,16
1690,10127,2,2022-09-12,2022-09-06,6
1693,1495,2,2022-02-14,2021-12-07,69
1699,2668,2,2022-04-18,2021-03-27,387
1701,8572,2,2022-08-27,2022-07-15,43
1702,1849,2,2022-03-11,2021-09-17,175
1706,5191,2,2022-07-02,2022-03-18,106
1709,1071,2,2022-01-06,2021-06-26,194
1710,2731,2,2022-04-21,2022-04-14,7
1713,2997,2,2022-04-30,2022-04-28,2
1714,2355,2,2022-04-05,2021-12-03,123
1717,4033,2,2022-06-02,2021-12-08,176
1724,6313,2,2022-07-25,2022-07-22,3
1726,2920,2,2022-04-27,2021-10-25,184
1732,2061,2,2022-03-22,2021-12-12,100
1739,4812,2,2022-06-24,2022-05-01,54
1741,2825,2,2022-04-24,2022-04-20,4
1743,3032,2,2022-05-01,2022-02-13,77
1749,6065,2,2022-07-20,2022-06-17,33
1750,3623,2,2022-05-21,2022-04-04,47
1751,9575,2,2022-09-07,2022-09-07,0
1756,2667,2,2022-04-18,2021-12-12,127
1761,6613,2,2022-07-31,2022-05-09,83
1764,1188,2,2022-01-17,2021-11-18,60
1767,2625,2,2022-04-16,2022-04-05,11
1771,384,2,2021-10-04,2021-09-03,31
1772,1918,2,2022-03-15,2022-03-13,2
1774,6273,2,2022-07-24,2022-07-02,22
1777,747,2,2021-12-01,2021-09-01,91
1779,8621,2,2022-08-28,2022-08-12,16
1780,930,2,2021-12-23,2021-12-07,16
1782,800,2,2021-12-07,2021-12-03,4
1784,5380,2,2022-07-06,2022-06-09,27
1785,3795,2,2022-05-27,2022-02-21,95
1787,4355,2,2022-06-12,2021-09-04,281
1789,8425,2,2022-08-25,2021-10-31,298
1794,940,2,2021-12-24,2021-09-30,85
1798,4796,2,2022-06-23,2022-06-05,18
1805,7143,2,2022-08-09,2022-07-10,30
1807,856,2,2021-12-14,2021-11-10,34
1809,4671,2,2022-06-20,2021-07-05,350
1811,5086,2,2022-06-30,2022-02-17,133
1814,1874,2,2022-03-12,2022-01-24,47
1818,3567,2,2022-05-20,2021-08-03,290
1819,5857,2,2022-07-16,2022-03-19,119
1825,10445,2,2022-09-14,2022-09-10,4
1826,3862,2,2022-05-29,2022-03-18,72
1827,2056,2,2022-03-22,2022-02-14,36
1829,6012,2,2022-07-19,2022-05-24,56
1834,2850,2,2022-04-25,2022-04-08,17
1838,428,2,2021-10-13,2021-10-03,10
1839,4332,2,2022-06-11,2022-02-15,116
1841,6348,2,2022-07-26,2022-02-23,153
1842,1416,2,2022-02-07,2022-01-16,22
1846,370,2,2021-09-30,2021-08-17,44
1847,9300,2,2022-09-04,2022-07-13,53
1848,6485,2,2022-07-29,2022-07-18,11
1852,1814,2,2022-03-08,2022-03-02,6
1857,4215,2,2022-06-08,2022-02-11,117
1863,6031,2,2022-07-20,2022-07-04,16
1869,6933,2,2022-08-05,2021-11-16,262
1877,2511,2,2022-04-12,2021-08-30,225
1878,4522,2,2022-06-17,2022-06-04,13
1879,602,2,2021-11-12,2021-08-22,82
1880,3635,2,2022-05-22,2022-04-02,50
1885,6444,2,2022-07-28,2022-06-07,51
1887,4003,2,2022-06-01,2022-04-24,38
1888,3291,2,2022-05-11,2022-03-11,61
1889,3206,2,2022-05-08,2022-03-21,48
1892,2447,2,2022-04-09,2022-02-19,49
1897,4681,2,2022-06-20,2022-02-21,119
1898,9229,2,2022-09-04,2022-08-12,23
1904,2318,2,2022-04-03,2021-05-30,308
1907,920,2,2021-12-22,2021-09-04,109
1908,2805,2,2022-04-23,2021-12-01,143
1909,3653,2,2022-05-22,2022-05-15,7
1910,5154,2,2022-07-02,2022-05-22,41
1912,1654,2,2022-02-26,2022-01-28,29
1915,5357,2,2022-07-06,2021-10-02,277
1916,4132,2,2022-06-05,2022-03-13,84
1919,1458,2,2022-02-11,2021-10-22,112
1920,2706,2,2022-04-20,2022-04-14,6
1922,6094,2,2022-07-21,2021-11-29,234
1925,3671,2,2022-05-23,2022-05-20,3
1930,7988,2,2022-08-20,2022-06-23,58
1931,5343,2,2022-07-06,2022-01-09,178
1933,1668,2,2022-02-27,2021-10-10,140
1935,6186,2,2022-07-23,2022-06-15,38
1936,4822,2,2022-06-24,2022-06-11,13
1940,4565,2,2022-06-17,2022-05-29,19
1943,889,2,2021-12-17,2021-11-25,22
1952,542,2,2021-11-04,2021-07-04,123
1956,1373,2,2022-02-03,2021-10-04,122
1961,646,2,2021-11-19,2021-10-10,40
1965,3029,2,2022-05-01,2021-05-14,352
1968,7073,2,2022-08-08,2022-08-08,0
1970,2305,2,2022-04-03,2022-02-13,49
1973,7926,2,2022-08-19,2022-08-01,18
1976,9451,2,2022-09-06,2022-07-29,39
1977,705,2,2021-11-25,2021-10-06,50
1980,1916,2,2022-03-15,2021-07-13,245
1983,8553,2,2022-08-27,2022-08-24,3
1990,6941,2,2022-08-05,2022-08-03,2
1999,7935,2,2022-08-19,2022-01-16,215
2006,1371,2,2022-02-03,2022-01-07,27
2013,4874,2,2022-06-25,2022-05-05,51
2017,1243,2,2022-01-23,2022-01-04,19
2019,2915,2,2022-04-27,2021-12-17,131
2020,5358,2,2022-07-06,2022-03-12,116
2022,6074,2,2022-07-20,2022-07-04,16
2024,2856,2,2022-04-25,2021-11-23,153
2026,2658,2,2022-04-18,2022-04-10,8
2027,2887,2,2022-04-26,2021-10-29,179
2029,3371,2,2022-05-13,2022-01-28,105
2034,7605,2,2022-08-15,2022-02-02,194
2044,7336,2,2022-08-11,2022-05-11,92
2046,5912,2,2022-07-17,2022-07-10,7
2050,7825,2,2022-08-18,2022-06-11,68
2052,4867,2,2022-06-25,2022-04-11,75
2054,8819,2,2022-08-30,2022-07-15,46
2058,4000,2,2022-06-01,2022-04-12,50
2061,2180,2,2022-03-28,2022-03-21,7
2067,8845,2,2022-08-30,2022-08-11,19
2068,1210,2,2022-01-20,2021-10-09,103
2078,1505,2,2022-02-15,2021-07-12,218
2079,6722,2,2022-08-02,2022-06-01,62
2082,4487,2,2022-06-16,2022-05-31,16
2085,7972,2,2022-08-20,2022-07-07,44
2086,6622,2,2022-07-31,2022-07-13,18
2087,2325,2,2022-04-04,2022-03-16,19
2090,1298,2,2022-01-28,2022-01-25,3
2094,904,2,2021-12-20,2021-10-25,56
2099,7954,2,2022-08-20,2022-07-05,46
2100,4395,2,2022-06-13,2021-12-27,168
2104,3014,2,2022-05-01,2022-04-17,14
2106,8488,2,2022-08-26,2022-08-02,24
2111,6987,2,2022-08-06,2022-05-23,75
2115,4153,2,2022-06-06,2021-11-22,196
2120,3309,2,2022-05-11,2022-04-02,39
2121,3915,2,2022-05-31,2022-02-01,119
2129,6786,2,2022-08-03,2022-07-29,5
2135,3127,2,2022-05-05,2022-04-06,29
2136,10013,2,2022-09-11,2022-05-26,108
2140,2967,2,2022-04-29,2022-01-09,110
2141,8155,2,2022-08-22,2022-07-31,22
2143,2167,2,2022-03-28,2021-12-29,89
2145,3080,2,2022-05-03,2022-01-05,118
2147,6830,2,2022-08-04,2022-06-02,63
2152,5947,2,2022-07-18,2022-05-25,54
2153,3310,2,2022-05-11,2021-11-13,179
2154,9032,2,2022-09-02,2022-07-11,53
2159,6214,2,2022-07-23,2022-06-30,23
2162,1680,2,2022-02-28,2021-11-24,96
2167,7876,2,2022-08-18,2022-08-18,0
2168,2792,2,2022-04-23,2022-03-28,26
2169,8264,2,2022-08-23,2022-04-27,118
2171,4307,2,2022-06-11,2022-01-03,159
2175,6504,2,2022-07-29,2022-06-28,31
2178,7104,2,2022-08-08,2021-12-06,245
2183,9164,2,2022-09-03,2022-05-17,109
2187,6061,2,2022-07-20,2022-07-06,14
2191,2253,2,2022-04-01,2022-03-24,8
2197,66,2,2021-06-07,2021-05-15,23
2198,8924,2,2022-08-31,2022-08-31,0
2201,4076,2,2022-06-04,2022-05-25,10
2202,9242,2,2022-09-04,2021-10-09,330
2204,963,2,2021-12-27,2021-12-18,9
2205,7628,2,2022-08-15,2022-06-16,60
2209,8343,2,2022-08-24,2022-08-03,21
2219,2479,2,2022-04-10,2022-03-19,22
2221,2446,2,2022-04-09,2022-01-16,83
2223,6615,2,2022-07-31,2022-07-09,22
2224,7708,2,2022-08-17,2022-08-12,5
2226,1220,2,2022-01-21,2022-01-13,8
2236,3913,2,2022-05-30,2022-04-22,38
2238,1702,2,2022-03-02,2022-02-25,5
2246,4382,2,2022-06-13,2022-02-20,113
2247,4558,2,2022-06-17,2021-11-07,222
2248,3782,2,2022-05-26,2022-03-05,82
2250,3557,2,2022-05-20,2022-04-08,42
2252,7296,2,2022-08-11,2022-05-22,81
2254,9602,2,2022-09-07,2022-09-05,2
2258,147,2,2021-07-25,2021-07-16,9
2261,1499,2,2022-02-14,2021-12-17,59
2263,3392,2,2022-05-14,2022-05-13,1
2264,9083,2,2022-09-02,2022-08-03,30
2270,5268,2,2022-07-04,2022-06-26,8
2272,9096,2,2022-09-02,2022-08-30,3
2276,9120,2,2022-09-02,2022-09-01,1
2277,3850,2,2022-05-28,2021-12-02,177
2281,8470,2,2022-08-26,2022-08-19,7
2286,6296,2,2022-07-25,2022-07-13,12
2288,1077,2,2022-01-07,2021-12-15,23
2290,1595,2,2022-02-21,2022-02-18,3
2291,6234,2,2022-07-24,2022-04-03,112
2292,8608,2,2022-08-28,2022-08-28,0
2298,5331,2,2022-07-05,2022-04-30,66
2299,4014,2,2022-06-02,2022-02-02,120
2300,2973,2,2022-04-29,2022-04-02,27
2306,2627,2,2022-04-16,2022-04-04,12
2309,5220,2,2022-07-03,2022-06-02,31
2311,5727,2,2022-07-14,2022-06-28,16
2312,3287,2,2022-05-11,2022-04-24,17
2313,9938,2,2022-09-10,2022-09-09,1
2316,1203,2,2022-01-19,2022-01-09,10
2320,3083,2,2022-05-03,2022-02-22,70
2322,7325,2,2022-08-11,2022-03-28,136
2323,2562,2,2022-04-14,2022-03-23,22
2326,2263,2,2022-04-02,2022-02-16,45
2327,743,2,2021-11-30,2021-09-16,75
2332,6854,2,2022-08-04,2022-07-20,15
2334,8341,2,2022-08-24,2022-08-24,0
2335,4594,2,2022-06-18,2022-06-11,7
2338,7414,2,2022-08-12,2022-04-16,118
2341,4817,2,2022-06-24,2022-05-07,48
2345,3842,2,2022-05-28,2022-04-27,31
2349,2332,2,2022-04-04,2021-08-01,246
2350,4564,2,2022-06-17,2022-06-16,1
2353,5165,2,2022-07-02,2021-09-19,286
2355,711,2,2021-11-26,2021-10-04,53
2356,4453,2,2022-06-15,2021-12-21,176
2362,5549,2,2022-07-10,2021-05-25,411
2363,9707,2,2022-09-08,2022-08-01,38
2370,3602,2,2022-05-21,2022-05-18,3
2371,5340,2,2022-07-06,2022-06-28,8
2374,1522,2,2022-02-16,2021-09-21,148
2375,1537,2,2022-02-17,2022-01-01,47
2380,4678,2,2022-06-20,2022-06-13,7
2382,1186,2,2022-01-17,2022-01-09,8
2386,7991,2,2022-08-20,2022-08-13,7
2388,9030,2,2022-09-02,2022-08-28,5
2390,5890,2,2022-07-17,2022-07-15,2
2394,8862,2,2022-08-31,2022-08-27,4
2396,585,2,2021-11-08,2021-10-17,22
2402,8537,2,2022-08-27,2022-08-21,6
2404,829,2,2021-12-10,2021-11-29,11
2405,5627,2,2022-07-11,2021-12-28,195
2414,8299,2,2022-08-24,2022-08-19,5
2415,10030,2,2022-09-11,2022-09-09,2
2417,6971,2,2022-08-06,2022-08-04,2
2418,2249,2,2022-04-01,2021-11-06,146
2421,2806,2,2022-04-23,2022-02-03,79
2424,573,2,2021-11-07,2021-10-21,17
2428,10020,2,2022-09-11,2022-09-08,3
2429,10463,2,2022-09-14,2022-07-12,64
2441,847,2,2021-12-12,2021-11-13,29
2443,7132,2,2022-08-08,2022-06-01,68
2444,8742,2,2022-08-29,2022-08-28,1
2445,7540,2,2022-08-14,2022-08-05,9
2448,6387,2,2022-07-27,2022-04-08,110
2467,5625,2,2022-07-11,2022-03-03,130
2474,2431,2,2022-04-08,2022-03-03,36
2475,4091,2,2022-06-04,2022-06-04,0
2476,1449,2,2022-02-10,2021-12-26,46
2478,6580,2,2022-07-31,2022-06-02,59
2482,992,2,2021-12-30,2021-05-09,235
2487,2904,2,2022-04-27,2022-03-05,53
2489,4388,2,2022-06-13,2022-04-01,73
2495,2467,2,2022-04-10,2022-03-10,31
2497,2183,2,2022-03-28,2022-03-10,18
2498,8108,2,2022-08-22,2022-07-15,38
2499,7839,2,2022-08-18,2021-09-17,335
2502,2082,2,2022-03-22,2022-02-14,36
2503,3216,2,2022-05-08,2022-01-06,122
2507,769,2,2021-12-03,2021-11-19,14
2508,3176,2,2022-05-07,2022-04-09,28
2510,302,2,2021-09-12,2021-08-24,19
2511,1316,2,2022-01-30,2021-11-05,86
2516,1768,2,2022-03-05,2021-09-22,164
2519,3072,2,2022-05-03,2022-04-10,23
2525,7703,2,2022-08-16,2022-01-04,224
2537,1851,2,2022-03-11,2021-06-27,257
2538,2115,2,2022-03-25,2022-02-05,48
2552,791,2,2021-12-06,2021-12-01,5
2553,8521,2,2022-08-27,2022-03-27,153
2554,6892,2,2022-08-05,2022-04-18,109
2559,8619,2,2022-08-28,2022-08-11,17
2561,4384,2,2022-06-13,2022-04-03,71
2565,4249,2,2022-06-09,2022-05-29,11
2568,1399,2,2022-02-05,2021-12-11,56
2582,6567,2,2022-07-30,2022-07-16,14
2587,1079,2,2022-01-07,2021-12-27,11
2588,3781,2,2022-05-26,2022-01-27,119
2590,6155,2,2022-07-22,2022-05-23,60
2597,305,2,2021-09-13,2021-04-15,151
2598,6101,2,2022-07-21,2022-04-27,85
2600,3978,2,2022-06-01,2021-11-21,192
2602,5518,2,2022-07-09,2022-06-22,17
2603,2738,2,2022-04-21,2022-01-26,85
2611,566,2,2021-11-07,2021-08-24,75
2612,4878,2,2022-06-25,2022-04-29,57
2615,6650,2,2022-08-01,2022-07-24,8
2617,9784,2,2022-09-09,2022-09-04,5
2621,2866,2,2022-04-26,2022-02-27,58
2625,5820,2,2022-07-15,2022-06-15,30
2627,2778,2,2022-04-23,2022-04-21,2
2629,2549,2,2022-04-13,2022-04-03,10
2634,7593,2,2022-08-15,2022-08-06,9
2637,2239,2,2022-03-31,2021-12-26,95
2640,8726,2,2022-08-29,2022-05-20,101
2644,9123,2,2022-09-02,2022-08-27,6
2666,5668,2,2022-07-12,2022-05-24,49
2669,1700,2,2022-03-02,2021-11-24,98
2671,2299,2,2022-04-03,2021-10-09,176
2672,4325,2,2022-06-11,2022-06-03,8
2673,2789,2,2022-04-23,2022-04-01,22
2674,8988,2,2022-09-01,2022-09-01,0
2676,598,2,2021-11-12,2021-08-09,95
2681,3724,2,2022-05-24,2022-03-24,61
2683,451,2,2021-10-17,2021-09-27,20
2686,1612,2,2022-02-23,2022-02-17,6
2690,10029,2,2022-09-11,2022-07-25,48
2691,9544,2,2022-09-07,2021-11-25,286
2694,7043,2,2022-08-07,2021-05-26,438
2695,4619,2,2022-06-19,2021-08-21,302
2696,1396,2,2022-02-05,2022-01-25,11
2704,6340,2,2022-07-26,2022-07-19,7
2708,9049,2,2022-09-02,2022-03-03,183
2711,5980,2,2022-07-19,2022-06-08,41
2712,5482,2,2022-07-08,2022-06-27,11
2716,8822,2,2022-08-30,2022-08-19,11
2718,5492,2,2022-07-09,2022-04-01,99
2720,5527,2,2022-07-09,2022-03-07,124
2723,5243,2,2022-07-04,2022-06-01,33
2726,3475,2,2022-05-17,2021-10-28,201
2728,1625,2,2022-02-24,2022-02-08,16
2732,8376,2,2022-08-25,2022-08-22,3
2736,1910,2,2022-03-14,2022-02-01,41
2738,3703,2,2022-05-24,2022-04-30,24
2741,8447,2,2022-08-26,2022-08-25,1
2742,3211,2,2022-05-08,2022-03-15,54
2745,3361,2,2022-05-13,2022-03-14,60
2750,1905,2,2022-03-14,2021-10-30,135
2751,5930,2,2022-07-18,2022-03-13,127
2753,3000,2,2022-04-30,2022-02-12,77
2762,293,2,2021-09-09,2021-08-08,32
2764,5310,2,2022-07-05,2022-01-19,167
2765,535,2,2021-11-01,2021-09-15,47
2775,3843,2,2022-05-28,2022-03-22,67
2780,6020,2,2022-07-19,2022-05-22,58
2781,9388,2,2022-09-05,2022-08-05,31
2786,4972,2,2022-06-28,2022-03-16,104
2788,902,2,2021-12-19,2021-11-13,36
2790,6494,2,2022-07-29,2022-05-15,75
2791,4340,2,2022-06-12,2022-05-05,38
2796,8446,2,2022-08-26,2022-06-11,76
2799,5206,2,2022-07-03,2022-07-01,2
2801,4112,2,2022-06-05,2022-05-23,13
2804,4345,2,2022-06-12,2022-02-02,130
2812,4673,2,2022-06-20,2021-08-10,314
2815,2192,2,2022-03-28,2022-02-19,37
2823,9414,2,2022-09-06,2022-08-30,7
2826,4827,2,2022-06-24,2022-06-21,3
2827,4830,2,2022-06-24,2022-01-14,161
2829,9848,2,2022-09-10,2022-09-09,1
2835,2816,2,2022-04-24,2022-04-22,2
2840,4379,2,2022-06-13,2022-03-11,94
2841,8074,2,2022-08-21,2022-07-05,47
2845,8006,2,2022-08-20,2022-05-23,89
2847,890,2,2021-12-17,2021-11-11,36
2849,7221,2,2022-08-10,2022-07-24,17
2851,4679,2,2022-06-20,2022-01-26,145
2853,5620,2,2022-07-11,2022-07-07,4
2854,9696,2,2022-09-08,2022-08-28,11
2855,1080,2,2022-01-08,2021-07-13,179
2856,8440,2,2022-08-26,2022-08-22,4
2857,8261,2,2022-08-23,2022-08-17,6
2866,2281,2,2022-04-02,2022-03-18,15
2868,2094,2,2022-03-23,2022-02-25,26
2878,3735,2,2022-05-25,2021-10-06,231
2883,4790,2,2022-06-23,2021-06-29,359
2885,1845,2,2022-03-11,2022-01-22,48
2889,8040,2,2022-08-21,2022-08-20,1
2890,8644,2,2022-08-28,2022-08-11,17
2895,1906,2,2022-03-14,2022-01-29,44
2899,7520,2,2022-08-14,2022-07-24,21
2903,8401,2,2022-08-25,2022-08-19,6
2909,6980,2,2022-08-06,2022-06-04,63
2910,4221,2,2022-06-08,2022-01-12,147
2912,2564,2,2022-04-14,2022-02-13,60
2917,531,2,2021-10-31,2021-10-21,10
2923,831,2,2021-12-10,2021-08-15,117
2924,1755,2,2022-03-05,2021-11-21,104
2929,8912,2,2022-08-31,2022-08-15,16
2932,4529,2,2022-06-17,2022-06-10,7
2936,8310,2,2022-08-24,2022-07-14,41
2937,9518,2,2022-09-06,2021-07-31,402
2945,6757,2,2022-08-02,2022-05-31,63
2948,1531,2,2022-02-17,2022-02-01,16
2950,1037,2,2022-01-03,2021-12-15,19
2951,927,2,2021-12-22,2021-12-07,15
2976,4705,2,2022-06-21,2022-05-15,37
2977,8836,2,2022-08-30,2022-05-31,91
2984,3708,2,2022-05-24,2022-05-10,14
2992,2514,2,2022-04-12,2021-10-17,177
3003,5597,2,2022-07-11,2021-09-04,310
3004,3665,2,2022-05-22,2022-04-11,41
3006,2449,2,2022-04-09,2022-03-25,15
3008,3182,2,2022-05-07,2022-03-27,41
3009,1856,2,2022-03-11,2021-12-12,89
3018,6000,2,2022-07-19,2022-07-02,17
3022,870,2,2021-12-15,2021-09-03,103
3023,4836,2,2022-06-24,2022-05-31,24
3026,2101,2,2022-03-24,2022-02-24,28
3028,2127,2,2022-03-26,2021-12-01,115
3030,3488,2,2022-05-17,2022-04-15,32
3032,6146,2,2022-07-22,2022-06-08,44
3035,2209,2,2022-03-30,2022-01-02,87
3037,1025,2,2022-01-02,2021-08-10,145
3042,727,2,2021-11-28,2021-11-17,11
3049,1083,2,2022-01-08,2021-12-19,20
3052,8396,2,2022-08-25,2022-06-19,67
3053,1876,2,2022-03-12,2022-03-04,8
3054,2144,2,2022-03-26,2022-03-06,20
3056,6327,2,2022-07-26,2022-07-22,4
3057,7018,2,2022-08-07,2021-05-12,452
3058,5862,2,2022-07-16,2022-07-15,1
3065,2277,2,2022-04-02,2022-03-01,32
3069,2075,2,2022-03-22,2022-02-02,48
3070,1831,2,2022-03-10,2021-10-30,131
3074,3171,2,2022-05-07,2021-03-31,402
3078,4367,2,2022-06-13,2022-03-17,88
3080,8956,2,2022-09-01,2022-06-20,73
3081,8479,2,2022-08-26,2022-08-23,3
3091,10231,2,2022-09-12,2022-04-10,155
3093,3113,2,2022-05-05,2022-04-17,18
3095,8784,2,2022-08-30,2022-08-14,16
3104,9894,2,2022-09-10,2022-08-22,19
3106,3881,2,2022-05-29,2022-02-19,99
3107,1864,2,2022-03-12,2021-04-18,328
3109,8472,2,2022-08-26,2022-08-09,17
3113,2985,2,2022-04-30,2022-02-14,75
3119,2364,2,2022-04-05,2022-03-19,17
3120,9616,2,2022-09-08,2022-09-02,6
3122,8690,2,2022-08-29,2022-03-03,179
3128,126,2,2021-07-16,2021-06-19,27
3130,7650,2,2022-08-16,2022-07-31,16
3131,5525,2,2022-07-09,2021-11-17,234
3140,7080,2,2022-08-08,2022-02-03,186
3142,132,2,2021-07-18,2021-05-02,77
3148,4544,2,2022-06-17,2022-05-31,17
3151,487,2,2021-10-24,2021-07-30,86
3155,3468,2,2022-05-16,2022-05-07,9
3157,7338,2,2022-08-11,2022-08-01,10
3160,1764,2,2022-03-05,2021-12-04,91
3162,541,2,2021-11-04,2021-10-08,27
3163,2621,2,2022-04-16,2022-01-22,84
3165,3163,2,2022-05-06,2022-02-15,80
3167,5371,2,2022-07-06,2021-04-22,440
3169,7689,2,2022-08-16,2022-07-29,18
3171,1653,2,2022-02-26,2021-10-01,148
3177,1056,2,2022-01-05,2021-10-22,75
3188,9702,2,2022-09-08,2021-12-09,273
3191,3013,2,2022-05-01,2022-02-19,71
3192,1821,2,2022-03-09,2022-01-27,41
3193,4754,2,2022-06-22,2022-05-21,32
3199,3705,2,2022-05-24,2022-05-04,20
3200,1281,2,2022-01-27,2021-12-15,43
3205,2442,2,2022-04-09,2021-12-31,99
3207,6800,2,2022-08-03,2021-08-11,357
3232,9986,2,2022-09-11,2022-09-10,1
3241,9474,2,2022-09-06,2021-07-08,425
3246,8561,2,2022-08-27,2022-01-09,230
3250,2618,2,2022-04-16,2022-02-12,63
3252,7475,2,2022-08-13,2022-06-22,52
3255,9957,2,2022-09-10,2022-08-15,26
3258,5575,2,2022-07-10,2022-06-13,27
3266,5945,2,2022-07-18,2022-07-05,13
3271,6784,2,2022-08-03,2022-06-23,41
3272,430,2,2021-10-13,2021-10-11,2
3273,934,2,2021-12-23,2021-08-05,140
3276,4056,2,2022-06-03,2022-01-02,152
3277,6159,2,2022-07-22,2022-06-24,28
3278,9052,2,2022-09-02,2022-08-26,7
3282,1948,2,2022-03-16,2022-02-19,25
3285,7480,2,2022-08-13,2022-06-29,45
3291,2133,2,2022-03-26,2022-01-27,58
3292,8793,2,2022-08-30,2022-08-17,13
3295,4753,2,2022-06-22,2022-04-03,80
3298,4622,2,2022-06-19,2022-03-27,84
3300,3973,2,2022-06-01,2022-03-29,64
3309,2487,2,2022-04-10,2022-03-04,37
3311,637,2,2021-11-17,2021-03-06,256
3318,2261,2,2022-04-01,2022-02-23,37
3321,9317,2,2022-09-05,2022-04-10,148
3323,4049,2,2022-06-03,2021-04-15,414
3324,3046,2,2022-05-02,2021-12-30,123
3325,3224,2,2022-05-08,2022-04-14,24
3332,6081,2,2022-07-21,2022-06-11,40
3334,1989,2,2022-03-18,2022-03-16,2
3337,3055,2,2022-05-02,2022-04-02,30
3340,683,2,2021-11-22,2021-11-13,9
3343,6808,2,2022-08-03,2022-07-21,13
3344,5828,2,2022-07-16,2022-05-27,50
3353,3477,2,2022-05-17,2022-04-19,28
3360,4022,2,2022-06-02,2021-07-24,313
3361,921,2,2021-12-22,2021-12-17,5
3365,4706,2,2022-06-21,2021-11-22,211
3366,8245,2,2022-08-23,2022-08-22,1
3372,2385,2,2022-04-07,2021-12-26,102
3376,5964,2,2022-07-19,2022-07-07,12
3381,3924,2,2022-05-31,2022-04-08,53
3384,1615,2,2022-02-23,2021-09-03,173
3387,2300,2,2022-04-03,2021-10-01,184
3388,1106,2,2022-01-10,2021-11-20,51
3391,3885,2,2022-05-29,2022-02-10,108
3392,433,2,2021-10-14,2021-09-22,22
3393,9682,2,2022-09-08,2022-09-08,0
3394,4175,2,2022-06-07,2022-05-17,21
3398,3830,2,2022-05-28,2022-01-20,128
3399,3348,2,2022-05-13,2022-05-09,4
3403,2055,2,2022-03-22,2021-09-15,188
3408,8077,2,2022-08-21,2022-06-15,67
3409,868,2,2021-12-15,2021-12-07,8
3410,8071,2,2022-08-21,2022-08-11,10
3414,5351,2,2022-07-06,2022-07-03,3
3416,10287,2,2022-09-13,2022-09-12,1
3417,9676,2,2022-09-08,2022-06-04,96
3419,1506,2,2022-02-15,2021-12-16,61
3426,567,2,2021-11-07,2021-06-15,145
3427,3347,2,2022-05-13,2022-03-02,72
3431,2330,2,2022-04-04,2022-03-11,24
3438,9510,2,2022-09-06,2022-07-23,45
3441,4693,2,2022-06-21,2021-12-11,192
3445,3605,2,2022-05-21,2022-05-10,11
3446,6005,2,2022-07-19,2021-11-20,241
3448,4156,2,2022-06-06,2022-02-13,113
3451,3404,2,2022-05-14,2022-04-08,36
3452,1661,2,2022-02-26,2021-09-14,165
3453,3846,2,2022-05-28,2022-03-10,79
3454,6774,2,2022-08-03,2022-05-04,91
3456,2767,2,2022-04-22,2021-05-16,341
3458,3936,2,2022-05-31,2022-05-21,10
3463,2353,2,2022-04-05,2022-03-21,15
3473,5522,2,2022-07-09,2022-06-11,28
3479,6547,2,2022-07-30,2022-04-17,104
3481,1862,2,2022-03-12,2021-11-30,102
3486,7460,2,2022-08-13,2022-05-16,89
3490,8552,2,2022-08-27,2022-06-25,63
3495,2155,2,2022-03-27,2022-02-17,38
3499,2084,2,2022-03-23,2022-03-05,18
3501,1664,2,2022-02-27,2021-08-22,189
3503,2757,2,2022-04-22,2022-04-18,4
3506,4762,2,2022-06-22,2022-06-14,8
3513,8032,2,2022-08-21,2022-08-19,2
3515,9627,2,2022-09-08,2022-08-31,8
3516,2714,2,2022-04-20,2022-04-07,13
3520,8177,2,2022-08-23,2022-02-06,198
3524,9294,2,2022-09-04,2022-01-14,233
3526,5473,2,2022-07-08,2021-10-29,252
3528,489,2,2021-10-25,2021-10-05,20
3532,6410,2,2022-07-27,2022-07-01,26
3534,6304,2,2022-07-25,2022-01-13,193
3537,9264,2,2022-09-04,2022-07-31,35
3542,3370,2,2022-05-13,2021-12-07,157
3543,7888,2,2022-08-19,2022-08-11,8
3549,7101,2,2022-08-08,2022-01-22,198
3551,8356,2,2022-08-25,2022-08-23,2
3554,4628,2,2022-06-19,2022-04-04,76
3555,5944,2,2022-07-18,2022-07-10,8
3557,6754,2,2022-08-02,2022-07-29,4
3561,288,2,2021-09-08,2021-02-17,203
3562,3765,2,2022-05-26,2022-04-24,32
3564,1019,2,2022-01-01,2021-09-13,110
3566,10510,2,2022-09-14,2022-09-02,12
3570,1878,2,2022-03-13,2022-03-06,7
3579,1642,2,2022-02-25,2021-09-30,148
3585,6548,2,2022-07-30,2022-04-19,102
3586,3196,2,2022-05-08,2021-12-26,133
3589,1573,2,2022-02-20,2021-12-01,81
3596,442,2,2021-10-16,2021-10-15,1
3603,5665,2,2022-07-12,2022-02-22,140
3605,3415,2,2022-05-15,2022-03-08,68
3606,5711,2,2022-07-13,2022-07-04,9
3607,9465,2,2022-09-06,2022-08-31,6
3608,7771,2,2022-08-17,2022-07-27,21
3610,2911,2,2022-04-27,2021-09-26,213
3626,4064,2,2022-06-03,2022-05-24,10
3631,10090,2,2022-09-11,2022-03-05,190
3634,1368,2,2022-02-03,2022-02-01,2
3638,8400,2,2022-08-25,2022-08-19,6
3639,10375,2,2022-09-13,2022-06-28,77
3642,8393,2,2022-08-25,2022-06-14,72
3644,1712,2,2022-03-02,2022-02-23,7
3645,2780,2,2022-04-23,2022-01-15,98
3647,1306,2,2022-01-29,2022-01-22,7
3650,3597,2,2022-05-21,2022-04-16,35
3651,1376,2,2022-02-03,2021-11-08,87
3652,7207,2,2022-08-09,2022-06-25,45
3653,10502,2,2022-09-14,2022-09-04,10
3654,7000,2,2022-08-06,2022-08-02,4
3655,8187,2,2022-08-23,2022-05-21,94
3658,100,2,2021-07-01,2021-06-18,13
3664,1190,2,2022-01-18,2022-01-08,10
3665,5276,2,2022-07-04,2022-06-20,14
3672,6501,2,2022-07-29,2022-07-24,5
3673,1792,2,2022-03-06,2022-03-02,4
3674,9779,2,2022-09-09,2022-08-06,34
3676,6586,2,2022-07-31,2022-07-13,18
3678,7979,2,2022-08-20,2022-08-02,18
3682,2481,2,2022-04-10,2021-10-12,180
3684,8576,2,2022-08-27,2022-08-20,7
3685,1812,2,2022-03-08,2021-10-12,147
3687,2347,2,2022-04-04,2021-12-30,95
3696,9321,2,2022-09-05,2022-03-20,169
3697,3147,2,2022-05-06,2022-04-28,8
3698,3841,2,2022-05-28,2022-05-22,6
3701,8224,2,2022-08-23,2022-08-03,20
3705,5432,2,2022-07-08,2022-03-13,117
3715,2812,2,2022-04-23,2022-01-22,91
3716,1032,2,2022-01-03,2021-12-03,31
3718,7330,2,2022-08-11,2022-07-13,29
3721,1030,2,2022-01-02,2021-06-27,189
3726,2821,2,2022-04-24,2021-12-06,139
3727,9734,2,2022-09-08,2022-09-07,1
3728,9694,2,2022-09-08,2022-08-22,17
3729,9241,2,2022-09-04,2021-12-28,250
3735,3360,2,2022-05-13,2022-03-24,50
3736,4133,2,2022-06-06,2022-05-26,11
3737,3870,2,2022-05-29,2022-05-14,15
3740,4285,2,2022-06-10,2021-12-02,190
3741,877,2,2021-12-16,2021-11-17,29
3745,2455,2,2022-04-09,2021-12-20,110
3751,2566,2,2022-04-14,2022-03-06,39
3761,9567,2,2022-09-07,2022-08-31,7
3763,4094,2,2022-06-04,2022-05-02,33
3764,8238,2,2022-08-23,2022-07-13,41
3766,987,2,2021-12-29,2021-09-08,112
3771,8600,2,2022-08-27,2022-08-25,2
3778,8454,2,2022-08-26,2022-08-03,23
3779,1717,2,2022-03-03,2022-02-05,26
3780,8639,2,2022-08-28,2022-06-13,76
3783,9322,2,2022-09-05,2022-08-22,14
3789,5112,2,2022-07-01,2022-06-27,4
3792,2626,2,2022-04-16,2022-01-22,84
3793,8545,2,2022-08-27,2021-06-30,423
3796,1254,2,2022-01-24,2021-11-28,57
3801,1658,2,2022-02-26,2022-02-08,18
3804,8147,2,2022-08-22,2022-08-17,5
3805,1363,2,2022-02-02,2021-07-08,209
3810,4222,2,2022-06-08,2022-03-17,83
3816,1483,2,2022-02-13,2021-12-22,53
3817,2595,2,2022-04-15,2021-12-10,126
3818,5864,2,2022-07-16,2022-04-04,103
3825,7774,2,2022-08-17,2022-08-04,13
3827,8981,2,2022-09-01,2022-08-19,13
3830,2276,2,2022-04-02,2021-09-28,186
3834,5000,2,2022-06-28,2021-12-08,202
3837,10183,2,2022-09-12,2022-09-12,0
3841,1206,2,2022-01-20,2021-08-10,163
3844,508,2,2021-10-27,2021-08-12,76
3846,6317,2,2022-07-25,2022-05-19,67
3861,3975,2,2022-06-01,2022-04-28,34
3870,7039,2,2022-08-07,2022-01-29,190
3872,3742,2,2022-05-25,2022-04-07,48
3873,1731,2,2022-03-03,2022-01-21,41
3877,1511,2,2022-02-15,2021-12-21,56
3879,5832,2,2022-07-16,2022-04-09,98
3888,4593,2,2022-06-18,2022-02-07,131
3889,10589,2,2022-09-15,2022-06-16,91
3892,3436,2,2022-05-16,2022-04-07,39
3893,1828,2,2022-03-09,2022-02-09,28
3896,5640,2,2022-07-12,2022-07-07,5
3897,4613,2,2022-06-19,2022-06-09,10
3900,4359,2,2022-06-12,2022-05-16,27
3901,3437,2,2022-05-16,2022-05-03,13
3902,989,2,2021-12-29,2021-04-10,263
3904,6671,2,2022-08-01,2022-05-07,86
3909,7003,2,2022-08-06,2022-07-27,10
3915,8734,2,2022-08-29,2022-08-21,8
3917,849,2,2021-12-13,2021-06-13,183
3919,1628,2,2022-02-24,2021-11-27,89
3921,1893,2,2022-03-13,2021-06-08,278
3922,10745,2,2022-09-15,2022-09-13,2
3923,3717,2,2022-05-24,2022-01-27,117
3924,5929,2,2022-07-18,2022-03-15,125
3925,3323,2,2022-05-12,2022-05-04,8
3933,1581,2,2022-02-20,2021-12-11,71
3939,226,2,2021-08-22,2021-02-19,184
3940,3643,2,2022-05-22,2022-05-21,1
3942,2580,2,2022-04-14,2022-01-21,83
3944,1806,2,2022-03-08,2021-11-27,101
3948,4489,2,2022-06-16,2022-01-31,136
3953,7795,2,2022-08-17,2022-05-28,81
3955,9386,2,2022-09-05,2022-03-12,177
3956,7384,2,2022-08-12,2022-07-22,21
3959,6098,2,2022-07-21,2022-06-16,35
3964,6024,2,2022-07-19,2022-07-02,17
3968,3394,2,2022-05-14,2022-03-11,64
3970,9067,2,2022-09-02,2022-08-30,3
3973,9075,2,2022-09-02,2022-07-15,49
3975,9279,2,2022-09-04,2022-08-01,34
3983,4166,2,2022-06-07,2022-04-28,40
3987,938,2,2021-12-24,2021-10-11,74
3991,2000,2,2022-03-19,2022-01-28,50
3993,545,2,2021-11-04,2021-10-02,33
3994,2888,2,2022-04-27,2022-02-04,82
3995,947,2,2021-12-25,2021-11-11,44
3998,2513,2,2022-04-12,2022-03-29,14
3999,9086,2,2022-09-02,2022-08-07,26
4004,7688,2,2022-08-16,2022-08-07,9
4007,2507,2,2022-04-11,2021-10-28,165
4011,6965,2,2022-08-06,2022-08-04,2
4012,2492,2,2022-04-11,2022-03-13,29
4013,10460,2,2022-09-14,2022-07-14,62
4017,8138,2,2022-08-22,2022-06-01,82
4019,7484,2,2022-08-13,2022-03-16,150
4020,9370,2,2022-09-05,2022-08-06,30
4021,3907,2,2022-05-30,2022-04-23,37
4023,4976,2,2022-06-28,2022-06-25,3
4024,33,2,2021-05-07,2021-04-19,18
4029,1513,2,2022-02-15,2022-01-04,42
4031,8338,2,2022-08-24,2022-07-05,50
4032,899,2,2021-12-19,2021-08-31,110
4033,8531,2,2022-08-27,2022-07-09,49
4035,8193,2,2022-08-23,2022-08-09,14
4036,7555,2,2022-08-14,2022-03-18,149
4037,8196,2,2022-08-23,2022-07-31,23
4040,10624,2,2022-09-15,2021-08-05,406
4041,9629,2,2022-09-08,2022-06-30,70
4045,7301,2,2022-08-11,2022-07-24,18
4052,650,2,2021-11-19,2021-08-15,96
4055,2660,2,2022-04-18,2022-04-02,16
4057,5450,2,2022-07-08,2022-07-07,1
4060,2962,2,2022-04-29,2022-04-09,20
4065,4637,2,2022-06-19,2022-01-24,146
4068,1003,2,2021-12-31,2021-09-29,93
4069,10616,2,2022-09-15,2022-04-09,159
4073,7417,2,2022-08-12,2022-06-19,54
4074,5632,2,2022-07-12,2022-06-05,37
4075,2025,2,2022-03-20,2022-01-17,62
4076,10365,2,2022-09-13,2022-08-11,33
4077,5113,2,2022-07-01,2022-06-29,2
4079,3382,2,2022-05-14,2022-05-08,6
4087,6046,2,2022-07-20,2022-07-15,5
4089,6814,2,2022-08-03,2022-07-23,11
4092,7115,2,2022-08-08,2022-07-18,21
4093,444,2,2021-10-16,2021-10-05,11
4096,527,2,2021-10-30,2021-10-18,12
4099,4687,2,2022-06-21,2022-06-06,15
4100,9173,2,2022-09-03,2022-08-27,7
4102,1105,2,2022-01-10,2021-12-16,25
4106,9106,2,2022-09-02,2021-12-07,269
4109,2011,2,2022-03-20,2022-03-02,18
4112,9477,2,2022-09-06,2022-08-16,21
4116,8307,2,2022-08-24,2022-05-05,111
4117,7438,2,2022-08-13,2022-07-14,30
4119,1923,2,2022-03-15,2022-03-11,4
4125,2534,2,2022-04-13,2021-12-31,103
4127,6100,2,2022-07-21,2022-03-15,128
4128,1156,2,2022-01-14,2021-10-15,91
4129,4568,2,2022-06-18,2022-06-01,17
4130,3236,2,2022-05-09,2021-05-19,355
4133,5157,2,2022-07-02,2022-06-27,5
4135,2746,2,2022-04-22,2021-12-29,114
4139,523,2,2021-10-30,2021-05-26,157
4146,9576,2,2022-09-07,2022-08-24,14
4149,1256,2,2022-01-25,2022-01-04,21
4151,1894,2,2022-03-13,2022-03-05,8
4153,2205,2,2022-03-29,2021-08-20,221
4157,5776,2,2022-07-15,2022-07-14,1
4159,1655,2,2022-02-26,2022-01-15,42
4161,6073,2,2022-07-20,2022-07-20,0
4163,2470,2,2022-04-10,2022-02-09,60
4165,3607,2,2022-05-21,2021-11-06,196
4166,5281,2,2022-07-04,2022-06-28,6
4169,9021,2,2022-09-02,2022-08-26,7
4172,9051,2,2022-09-02,2022-08-30,3
4174,1869,2,2022-03-12,2022-02-01,39
4175,2298,2,2022-04-03,2022-01-31,62
4176,8064,2,2022-08-21,2022-05-07,106
4177,1930,2,2022-03-15,2022-02-11,32
4178,8265,2,2022-08-23,2022-06-29,55
4179,5007,2,2022-06-28,2022-05-31,28
4180,8017,2,2022-08-20,2022-06-04,77
4182,1323,2,2022-01-30,2021-12-25,36
4185,4118,2,2022-06-05,2022-02-21,104
4186,2611,2,2022-04-16,2021-12-09,128
4187,10205,2,2022-09-12,2022-06-05,99
4193,9479,2,2022-09-06,2022-06-18,80
4195,3042,2,2022-05-02,2021-10-08,206
4197,6218,2,2022-07-23,2022-05-12,72
4200,3511,2,2022-05-18,2022-01-27,111
4204,3228,2,2022-05-09,2022-04-11,28
4208,3739,2,2022-05-25,2022-05-11,14
4213,3872,2,2022-05-29,2022-05-12,17
4229,4092,2,2022-06-04,2022-05-07,28
4230,1385,2,2022-02-04,2021-12-15,51
4233,4627,2,2022-06-19,2022-04-08,72
4235,10490,2,2022-09-14,2022-09-01,13
4237,5987,2,2022-07-19,2022-05-06,74
4241,874,2,2021-12-16,2021-09-15,92
4243,6913,2,2022-08-05,2022-07-22,14
4244,8269,2,2022-08-24,2022-07-26,29
4245,3988,2,2022-06-01,2022-03-06,87
4247,9057,2,2022-09-02,2021-09-19,348
4251,7049,2,2022-08-07,2022-08-06,1
4253,9748,2,2022-09-09,2022-05-22,110
4257,5389,2,2022-07-07,2022-07-04,3
4263,7551,2,2022-08-14,2022-04-23,113
4266,3396,2,2022-05-14,2022-01-15,119
4272,8383,2,2022-08-25,2022-08-12,13
4274,8634,2,2022-08-28,2022-03-23,158
4283,2615,2,2022-04-16,2022-01-17,89
4284,8005,2,2022-08-20,2022-03-25,148
4286,4366,2,2022-06-13,2021-08-19,298
4287,4015,2,2022-06-02,2022-01-08,145
4288,2737,2,2022-04-21,2021-11-16,156
4290,8814,2,2022-08-30,2022-08-29,1
4292,6395,2,2022-07-27,2022-07-26,1
4298,6375,2,2022-07-26,2022-07-16,10
4305,1671,2,2022-02-27,2021-11-09,110
4308,6368,2,2022-07-26,2022-02-03,173
4312,3265,2,2022-05-10,2021-12-11,150
4317,10601,2,2022-09-15,2021-10-17,333
4318,9007,2,2022-09-01,2022-06-26,67
4321,4385,2,2022-06-13,2022-02-21,112
4322,6310,2,2022-07-25,2022-05-19,67
4325,1239,2,2022-01-23,2021-12-05,49
4327,7803,2,2022-08-18,2022-08-17,1
4328,803,2,2021-12-07,2021-10-01,67
4329,3995,2,2022-06-01,2022-04-15,47
4330,1834,2,2022-03-10,2022-01-27,42
4331,5925,2,2022-07-18,2022-02-08,160
4332,3799,2,2022-05-27,2022-01-14,133
4335,3043,2,2022-05-02,2021-10-18,196
4337,7270,2,2022-08-10,2022-07-23,18
4339,3773,2,2022-05-26,2022-01-12,134
4347,8082,2,2022-08-21,2022-07-08,44
4352,5914,2,2022-07-17,2022-06-19,28
4353,9037,2,2022-09-02,2022-08-26,7
4355,7856,2,2022-08-18,2022-08-10,8
4359,3683,2,2022-05-23,2022-05-14,9
4363,7227,2,2022-08-10,2022-07-21,20
4365,4066,2,2022-06-03,2022-05-30,4
4366,3711,2,2022-05-24,2022-04-19,35
4368,7116,2,2022-08-08,2022-07-15,24
4371,8543,2,2022-08-27,2021-10-09,322
4373,8879,2,2022-08-31,2022-07-10,52
4374,10415,2,2022-09-13,2021-07-08,432
4375,7404,2,2022-08-12,2022-04-25,109
4383,1480,2,2022-02-13,2021-10-15,121
4389,7721,2,2022-08-17,2021-08-05,377
4390,2438,2,2022-04-09,2021-09-07,214
4391,3860,2,2022-05-29,2022-04-10,49
4394,1209,2,2022-01-20,2021-12-02,49
4396,4127,2,2022-06-05,2022-05-26,10
4400,5927,2,2022-07-18,2022-06-18,30
4401,703,2,2021-11-25,2021-09-21,65
4407,6013,2,2022-07-19,2022-06-12,37
4413,1766,2,2022-03-05,2022-02-04,29
4420,1428,2,2022-02-08,2022-01-11,28
4421,3461,2,2022-05-16,2022-04-18,28
4432,2832,2,2022-04-24,2022-04-01,23
4434,7163,2,2022-08-09,2022-06-07,63
4438,3414,2,2022-05-15,2022-05-14,1
4439,1148,2,2022-01-14,2021-08-05,162
4440,5877,2,2022-07-17,2022-07-11,6
4442,2768,2,2022-04-22,2021-12-09,134
4447,1807,2,2022-03-08,2021-09-20,169
4449,6558,2,2022-07-30,2022-05-06,85
4454,1723,2,2022-03-03,2022-02-02,29
4457,913,2,2021-12-21,2021-08-31,112
4464,2454,2,2022-04-09,2022-01-01,98
4466,3285,2,2022-05-11,2021-07-10,305
4470,4930,2,2022-06-27,2021-11-08,231
4475,4686,2,2022-06-21,2022-05-16,36
4476,1324,2,2022-01-31,2022-01-18,13
4477,9138,2,2022-09-03,2022-06-14,81
4479,5926,2,2022-07-18,2022-04-03,106
4483,9519,2,2022-09-07,2022-08-30,8
4484,9249,2,2022-09-04,2022-08-26,9
4489,3484,2,2022-05-17,2022-01-15,122
4496,4768,2,2022-06-22,2022-05-04,49
4498,932,2,2021-12-23,2021-08-18,127
4501,4195,2,2022-06-08,2022-05-23,16
4505,10441,2,2022-09-14,2022-09-12,2
4507,4484,2,2022-06-16,2022-05-19,28
4510,5948,2,2022-07-18,2022-06-23,25
4526,612,2,2021-11-14,2021-09-01,74
4528,2517,2,2022-04-12,2021-09-15,209
4529,859,2,2021-12-14,2021-09-14,91
4531,5687,2,2022-07-13,2022-04-27,77
4537,3451,2,2022-05-16,2022-04-06,40
4543,1141,2,2022-01-14,2021-12-05,40
4544,2037,2,2022-03-21,2021-11-08,133
4547,10466,2,2022-09-14,2022-09-11,3
4557,8491,2,2022-08-26,2022-07-22,35
4561,5487,2,2022-07-09,2021-11-10,241
4562,910,2,2021-12-20,2021-05-17,217
4563,2936,2,2022-04-28,2021-11-22,157
4567,9457,2,2022-09-06,2022-08-20,17
4571,1304,2,2022-01-29,2022-01-02,27
4572,2159,2,2022-03-27,2021-11-13,134
4577,6389,2,2022-07-27,2021-09-08,322
4578,6398,2,2022-07-27,2022-06-09,48
4579,7340,2,2022-08-11,2022-01-23,200
4587,8087,2,2022-08-21,2022-06-09,73
4588,2029,2,2022-03-20,2021-12-17,93
4590,2702,2,2022-04-19,2021-11-05,165
4591,5738,2,2022-07-14,2022-05-05,70
4592,6621,2,2022-07-31,2022-05-13,79
4599,9155,2,2022-09-03,2021-09-06,362
4601,7339,2,2022-08-11,2022-08-02,9
4609,9525,2,2022-09-07,2022-07-22,47
4610,2049,2,2022-03-21,2022-03-18,3
4616,5614,2,2022-07-11,2022-03-26,107
4619,2957,2,2022-04-28,2021-08-01,270
4626,9683,2,2022-09-08,2022-06-27,73
4629,5058,2,2022-06-29,2022-06-23,6
4632,7616,2,2022-08-15,2022-05-08,99
4645,2655,2,2022-04-18,2022-01-14,94
4652,5647,2,2022-07-12,2022-06-22,20
4657,3065,2,2022-05-02,2022-01-18,104
4672,4328,2,2022-06-11,2022-04-27,45
4678,7564,2,2022-08-15,2022-02-19,177
4686,6038,2,2022-07-20,2022-07-15,5
4687,3564,2,2022-05-20,2021-08-05,288
4691,7149,2,2022-08-09,2022-08-06,3
4692,8336,2,2022-08-24,2022-05-27,89
4698,4129,2,2022-06-05,2022-05-22,14
4699,9366,2,2022-09-05,2022-08-30,6
4700,765,2,2021-12-02,2021-05-01,215
4704,3078,2,2022-05-03,2022-01-14,109
4705,6749,2,2022-08-02,2022-07-03,30
4706,1877,2,2022-03-13,2022-01-13,59
4707,10100,2,2022-09-11,2022-08-28,14
4708,519,2,2021-10-29,2021-09-08,51
4716,8627,2,2022-08-28,2022-08-11,17
4717,5269,2,2022-07-04,2022-04-24,71
4718,2486,2,2022-04-10,2022-02-07,62
4719,6801,2,2022-08-03,2022-07-27,7
4726,1526,2,2022-02-17,2021-10-09,131
4728,4569,2,2022-06-18,2022-03-31,79
4733,3579,2,2022-05-20,2022-05-19,1
4737,5756,2,2022-07-14,2022-05-10,65
4743,9806,2,2022-09-09,2022-09-09,0
4744,5554,2,2022-07-10,2022-07-06,4
4746,8586,2,2022-08-27,2022-08-26,1
4748,1006,2,2021-12-31,2021-08-31,122
4750,1026,2,2022-01-02,2021-07-06,180
4751,4541,2,2022-06-17,2022-05-19,29
4754,7712,2,2022-08-17,2021-10-19,302
4755,6027,2,2022-07-20,2022-06-17,33
4757,7565,2,2022-08-15,2022-07-11,35
4768,702,2,2021-11-25,2021-08-07,110
4769,1229,2,2022-01-22,2021-08-23,152
4787,4452,2,2022-06-15,2022-04-29,47
4788,10332,2,2022-09-13,2022-05-16,120
4792,5328,2,2022-07-05,2022-05-21,45
4799,969,2,2021-12-27,2021-12-20,7
4803,1915,2,2022-03-14,2022-02-25,17
4806,6581,2,2022-07-31,2022-06-08,53
4813,3940,2,2022-05-31,2022-04-26,35
4815,1637,2,2022-02-25,2021-12-05,82
4817,10107,2,2022-09-12,2022-09-11,1
4821,3130,2,2022-05-05,2022-02-22,72
4825,5262,2,2022-07-04,2021-12-28,188
4827,6376,2,2022-07-26,2022-06-15,41
4846,10236,2,2022-09-12,2022-07-19,55
4851,10594,2,2022-09-15,2022-09-15,0
4853,3337,2,2022-05-12,2022-04-14,28
4855,3946,2,2022-05-31,2022-05-03,28
4861,7914,2,2022-08-19,2022-08-19,0
4864,10091,2,2022-09-11,2022-02-12,211
4867,9394,2,2022-09-05,2022-08-18,18
4869,9738,2,2022-09-09,2022-09-07,2
4870,6211,2,2022-07-23,2022-07-18,5
4871,4767,2,2022-06-22,2022-03-10,104
4880,3304,2,2022-05-11,2022-03-26,46
4881,7529,2,2022-08-14,2022-08-13,1
4885,6210,2,2022-07-23,2022-04-08,106
4888,2468,2,2022-04-10,2021-12-22,109
4889,7232,2,2022-08-10,2021-12-31,222
4892,1981,2,2022-03-18,2022-03-07,11
4898,9197,2,2022-09-03,2022-09-02,1
4899,5959,2,2022-07-19,2022-07-08,11
4901,8729,2,2022-08-29,2022-08-25,4
4903,5624,2,2022-07-11,2022-04-27,75
4905,1588,2,2022-02-21,2022-01-09,43
4912,7056,2,2022-08-07,2022-08-06,1
4913,6896,2,2022-08-05,2022-02-27,159
4925,188,2,2021-08-10,2021-07-21,20
4927,5655,2,2022-07-12,2022-06-08,34
4935,5762,2,2022-07-14,2022-04-15,90
4936,9324,2,2022-09-05,2022-08-14,22
4944,851,2,2021-12-13,2021-11-21,22
4946,4057,2,2022-06-03,2022-04-12,52
4956,7596,2,2022-08-15,2022-06-30,46
4959,4081,2,2022-06-04,2022-05-12,23
4960,4284,2,2022-06-10,2022-05-29,12
4964,4511,2,2022-06-16,2022-06-15,1
4970,3332,2,2022-05-12,2022-04-11,31
4972,615,2,2021-11-15,2021-09-11,65
4982,456,2,2021-10-18,2021-09-10,38
